<?xml version="1.0" encoding="UTF-8"?><?xml-stylesheet type='text/xsl' href='_UpgradeReport_Files/UpgradeReport.xslt'?><UpgradeLog>
<Properties><Property Name="Solution" Value="Projet_IR_2">
</Property><Property Name="Fichier solution" Value="E:\Save portable\Documents\Visual Studio 2008\Projects\Projet_IR_2\Projet_IR_2.sln">
</Property><Property Name="Fichier d'options utilisateur" Value="E:\Save portable\Documents\Visual Studio 2008\Projects\Projet_IR_2\Projet_IR_2.suo">
</Property><Property Name="Date" Value="vendredi 21 décembre 2012">
</Property><Property Name="Time" Value="19:41">
</Property></Properties><Event ErrorLevel="0" Project="" Source="Projet_IR_2.sln" Description="Fichier correctement sauvegardé en tant que E:\Save portable\Documents\Visual Studio 2008\Projects\Projet_IR_2\Projet_IR_2.sln.old">
</Event><Event ErrorLevel="0" Project="" Source="Projet_IR_2.suo" Description="Fichier correctement sauvegardé en tant que E:\Save portable\Documents\Visual Studio 2008\Projects\Projet_IR_2\Projet_IR_2.suo.old">
</Event><Event ErrorLevel="0" Project="Projet_IR_2" Source="Projet_IR_2\Projet_IR_2.vcproj" Description="Converting project file 'E:\Save portable\Documents\Visual Studio 2008\Projects\Projet_IR_2\Projet_IR_2\Projet_IR_2.vcproj'.">
</Event><Event ErrorLevel="1" Project="Projet_IR_2" Source="Projet_IR_2\Projet_IR_2.vcproj" Description="VCWebServiceProxyGeneratorTool is no longer supported. The tool has been removed from your project settings.">
</Event><Event ErrorLevel="0" Project="Projet_IR_2" Source="Projet_IR_2\Projet_IR_2.vcproj" Description="Done converting to new project file 'E:\Save portable\Documents\Visual Studio 2008\Projects\Projet_IR_2\Projet_IR_2\Projet_IR_2.vcxproj'.">
</Event><Event ErrorLevel="3" Project="Projet_IR_2" Source="Projet_IR_2\Projet_IR_2.vcproj" Description="Converted">
</Event><Event ErrorLevel="0" Project="" Source="Projet_IR_2.sln" Description="Solution correctement convertie">
</Event><Event ErrorLevel="3" Project="" Source="Projet_IR_2.sln" Description="Converted">
</Event></UpgradeLog>